"Year","Borough","Neighborhood","Total","Humans","sq_meter","human_rat_ratio","rats_per_sqft"
11,"BROOKLYN","BOROUGH PARK",104458.3333,335341,16418150,0.311498842372391,0.00636236928642996
12,"BROOKLYN","BOROUGH PARK",40743.76771,334688,16418150,0.121736565726886,0.00248162964219477
13,"BROOKLYN","BOROUGH PARK",35933.77622,336911,16418150,0.106656583548771,0.0021886617079269
14,"BROOKLYN","BOROUGH PARK",34221.21019,341264,16418150,0.100277820660837,0.00208435238988558
15,"BROOKLYN","BOROUGH PARK",32449.77654,342436,16418150,0.0947615803829037,0.0019764575509421
16,"BROOKLYN","BOROUGH PARK",32391.57128,338920,16418150,0.0955729118376018,0.00197291237319674
17,"BROOKLYN","BOROUGH PARK",95900,341252,16418150,0.28102399399857,0.00584109659127246
18,"BROOKLYN","BOROUGH PARK",149160,330597,16418150,0.4511837675478,0.00908506744060689
19,"BROOKLYN","BOROUGH PARK",86230.76924,324318,16418150,0.265883389882769,0.00525216112899444
20,"BROOKLYN","BOROUGH PARK",103457.1429,324120,16418150,0.319193949463162,0.006301388579103
11,"BRONX","BRONX PARK AND FORDHAM",65347.36842,241007,11433860,0.271143030783338,0.00571525000481027
12,"BRONX","BRONX PARK AND FORDHAM",69874.5098,244435,11433860,0.285861312005237,0.00611119165356231
13,"BRONX","BRONX PARK AND FORDHAM",72119.04762,245435,11433860,0.293841740664534,0.00630749787210968
14,"BRONX","BRONX PARK AND FORDHAM",76537.14286,248210,11433860,0.308356403287539,0.00669390239691583
15,"BRONX","BRONX PARK AND FORDHAM",64405.9322,254745,11433860,0.2528251082455,0.00563291243726965
16,"BRONX","BRONX PARK AND FORDHAM",64428.47223,261147,11433860,0.246713430481683,0.00563488377765689
17,"BRONX","BRONX PARK AND FORDHAM",67803.75,265532,11433860,0.255350579214558,0.00593008397863889
18,"BRONX","BRONX PARK AND FORDHAM",56507.14286,266339,11433860,0.212162480372758,0.00494208804900532
19,"BRONX","BRONX PARK AND FORDHAM",57537.87878,265756,11433860,0.21650641483165,0.00503223572616772
20,"BRONX","BRONX PARK AND FORDHAM",56513.33333,265538,11433860,0.212825785123033,0.00494262946459026
11,"BROOKLYN","BUSHWICK AND WILLIAMSBURG",162934.3923,208838,7962620,0.780195138336893,0.0204624096465736
12,"BROOKLYN","BUSHWICK AND WILLIAMSBURG",139651.0446,213371,7962620,0.654498711633727,0.0175383284145168
13,"BROOKLYN","BUSHWICK AND WILLIAMSBURG",107131.7073,218324,7962620,0.490700551931991,0.0134543287636481
14,"BROOKLYN","BUSHWICK AND WILLIAMSBURG",174878.1316,222211,7962620,0.786991335262431,0.02196238569717
15,"BROOKLYN","BUSHWICK AND WILLIAMSBURG",155321.9733,222360,7962620,0.698515800053967,0.0195063902710414
16,"BROOKLYN","BUSHWICK AND WILLIAMSBURG",173569.8014,224198,7962620,0.774180864236077,0.0217980766883262
17,"BROOKLYN","BUSHWICK AND WILLIAMSBURG",151496.277,224622,7962620,0.674449862435558,0.0190259332983365
18,"BROOKLYN","BUSHWICK AND WILLIAMSBURG",171033.2433,221494,7962620,0.772180028804392,0.0214795184625161
19,"BROOKLYN","BUSHWICK AND WILLIAMSBURG",182418.0504,220620,7962620,0.82684276312211,0.02290930000427
20,"BROOKLYN","BUSHWICK AND WILLIAMSBURG",164208.8965,219953,7962620,0.746563568125918,0.0206224705561737
11,"BROOKLYN","CANARSIE AND FLATLANDS",37191.43647,202336,30337160,0.183810278299462,0.00122593665557356
12,"BROOKLYN","CANARSIE AND FLATLANDS",36266.43059,205324,30337160,0.17663025554733,0.00119544580277125
13,"BROOKLYN","CANARSIE AND FLATLANDS",29872.65734,204355,30337160,0.146180212571261,0.000984688657079305
14,"BROOKLYN","CANARSIE AND FLATLANDS",24926.56051,206267,30337160,0.120846090310132,0.000821651087643009
15,"BROOKLYN","CANARSIE AND FLATLANDS",23235.64246,207112,30337160,0.112188779307814,0.00076591356804658
16,"BROOKLYN","CANARSIE AND FLATLANDS",35190.84287,208063,30337160,0.16913551602159,0.00115999133966396
17,"BROOKLYN","CANARSIE AND FLATLANDS",28389.83051,211087,30337160,0.134493505095056,0.000935810422267608
18,"BROOKLYN","CANARSIE AND FLATLANDS",30463.73832,209241,30337160,0.145591630321017,0.0010041723852859
19,"BROOKLYN","CANARSIE AND FLATLANDS",33029.66418,207150,30337160,0.159448053005069,0.0010887526775743
20,"BROOKLYN","CANARSIE AND FLATLANDS",34723.18286,202025,30337160,0.171875673109764,0.00114457592141123
11,"BRONX","CENTRAL BRONX",51345.74468,203982,8528220,0.251717037189556,0.00602068716332365
12,"BRONX","CENTRAL BRONX",47545.19232,204565,8528220,0.232420953340014,0.00557504289523488
13,"BRONX","CENTRAL BRONX",63817.5,206159,8528220,0.309554761130972,0.00748309729345631
14,"BRONX","CENTRAL BRONX",48964.61539,208693,8528220,0.234625097104359,0.00574148126924493
15,"BRONX","CENTRAL BRONX",51847.5,213356,8528220,0.243009336507996,0.00607952186974539
16,"BRONX","CENTRAL BRONX",47631.50684,214792,8528220,0.221756428731051,0.00558516394276883
17,"BRONX","CENTRAL BRONX",58737.5,218672,8528220,0.268610064388673,0.00688742785716128
18,"BRONX","CENTRAL BRONX",60456.34921,213665,8528220,0.282949239276437,0.00708897627054649
19,"BRONX","CENTRAL BRONX",62052.94118,215970,8528220,0.287322040931611,0.00727618907345261
20,"BRONX","CENTRAL BRONX",53731.03448,211051,8528220,0.254587917043748,0.00630038090949811
11,"BROOKLYN","CENTRAL BROOKLYN",168332.3077,312762,15586330,0.538212147575473,0.0107999963878604
12,"BROOKLYN","CENTRAL BROOKLYN",230300,316118,15586330,0.728525424050513,0.0147757682533348
13,"BROOKLYN","CENTRAL BROOKLYN",192516.3636,320856,15586330,0.600008613209664,0.0123516160378999
14,"BROOKLYN","CENTRAL BROOKLYN",183023.4375,326543,15586330,0.560488013829725,0.011742561430433
15,"BROOKLYN","CENTRAL BROOKLYN",173150.641,331606,15586330,0.522157744431645,0.0111091347995327
16,"BROOKLYN","CENTRAL BROOKLYN",182000,333870,15586330,0.545122353011651,0.0116768989236081
17,"BROOKLYN","CENTRAL BROOKLYN",247061.9048,337124,15586330,0.732851724587985,0.0158511917045257
18,"BROOKLYN","CENTRAL BROOKLYN",235107.7982,330489,15586330,0.711393717188772,0.0150842307457881
19,"BROOKLYN","CENTRAL BROOKLYN",254022.1239,335096,15586330,0.758057762253205,0.0162977509073656
20,"BROOKLYN","CENTRAL BROOKLYN",294745.9016,335884,15586330,0.877522899572471,0.0189105390172029
11,"MANHATTAN","CENTRAL HARLEM",45100,166792,5723382,0.270396661710394,0.00787995629157725
12,"MANHATTAN","CENTRAL HARLEM",42556.81818,169650,5723382,0.250850681874447,0.00743560681079823
13,"MANHATTAN","CENTRAL HARLEM",43400,172914,5723382,0.250991822524492,0.00758292911428942
14,"MANHATTAN","CENTRAL HARLEM",64894.11765,174952,5723382,0.370925268930907,0.0113384215224495
15,"MANHATTAN","CENTRAL HARLEM",49932.97872,177406,5723382,0.281461611895877,0.00872438336633829
16,"MANHATTAN","CENTRAL HARLEM",55353.65854,180601,5723382,0.306496965908273,0.00967149467570049
17,"MANHATTAN","CENTRAL HARLEM",47694.73684,184020,5723382,0.259182354309314,0.00833331356180664
18,"MANHATTAN","CENTRAL HARLEM",66316,182658,5723382,0.363061021143339,0.0115868554641294
19,"MANHATTAN","CENTRAL HARLEM",63920,182949,5723382,0.349386987630433,0.0111682218660226
20,"MANHATTAN","CENTRAL HARLEM",61013.9785,180928,5723382,0.337227949792183,0.0106604763582092
11,"QUEENS","CENTRAL QUEENS",8649.17127,94278,15463470,0.0917411407751543,0.000559329262448855
12,"QUEENS","CENTRAL QUEENS",4029.603399,94537,15463470,0.0426246168061182,0.000260588561234962
13,"QUEENS","CENTRAL QUEENS",8658.74126,96445,15463470,0.0897790581160247,0.000559948139712497
14,"QUEENS","CENTRAL QUEENS",8449.681528,97866,15463470,0.086339295853514,0.000546428552452975
15,"QUEENS","CENTRAL QUEENS",8813.519553,100900,15463470,0.0873490540436075,0.000569957425661899
16,"QUEENS","CENTRAL QUEENS",5198.647243,101030,15463470,0.0514564707809562,0.000336188917687945
17,"QUEENS","CENTRAL QUEENS",4482.604818,103369,15463470,0.0433650786792946,0.000289883500792513
18,"QUEENS","CENTRAL QUEENS",6890.607477,101457,15463470,0.0679165309145746,0.000445605512669537
19,"QUEENS","CENTRAL QUEENS",12124.81343,100305,15463470,0.120879451971487,0.00078409396015254
20,"QUEENS","CENTRAL QUEENS",8496.097934,97980,15463470,0.0867125733210859,0.000549430233576293
11,"MANHATTAN","CHELSEA AND CLINTON",87360,140600,7128962,0.621337126600285,0.0122542384150736
12,"MANHATTAN","CHELSEA AND CLINTON",38608.33334,141343,7128962,0.273153487190735,0.00541570194089967
13,"MANHATTAN","CHELSEA AND CLINTON",49000,142680,7128962,0.343425848051584,0.00687337090589065
14,"MANHATTAN","CHELSEA AND CLINTON",43391.66666,146649,7128962,0.295887913725972,0.00608667386079488
15,"MANHATTAN","CHELSEA AND CLINTON",39530.55556,149683,7128962,0.264095158167594,0.00554506470366934
16,"MANHATTAN","CHELSEA AND CLINTON",36180,150038,7128962,0.241138911475759,0.00507507264030865
17,"MANHATTAN","CHELSEA AND CLINTON",49666.66666,152837,7128962,0.324964940819304,0.00696688615537578
18,"MANHATTAN","CHELSEA AND CLINTON",42068.97197,154214,7128962,0.272796062419754,0.00590113567304749
19,"MANHATTAN","CHELSEA AND CLINTON",54337.5,156857,7128962,0.346414249921903,0.00762207737956802
20,"MANHATTAN","CHELSEA AND CLINTON",45748.14815,157141,7128962,0.291128019740233,0.00641722429576704
11,"MANHATTAN","EAST HARLEM",31569.47514,113741,5753160,0.277555807844137,0.00548732785808147
12,"MANHATTAN","EAST HARLEM",30445.89235,113740,5753160,0.267679728767364,0.00529202948466582
13,"MANHATTAN","EAST HARLEM",24415.38462,110942,5753160,0.220073413315066,0.00424382159022172
14,"MANHATTAN","EAST HARLEM",29640,112617,5753160,0.263192946002824,0.00515195127547296
15,"MANHATTAN","EAST HARLEM",25025,113171,5753160,0.221125553366145,0.00434978342337081
16,"MANHATTAN","EAST HARLEM",27204.54545,113598,5753160,0.239480848694519,0.00472862660694297
17,"MANHATTAN","EAST HARLEM",31017.3913,116232,5753160,0.266857589132081,0.00539136601450333
18,"MANHATTAN","EAST HARLEM",27391.30434,115340,5753160,0.237483131090688,0.00476108857393154
19,"MANHATTAN","EAST HARLEM",32250,112761,5753160,0.286003139383297,0.0056056150011472
20,"MANHATTAN","EAST HARLEM",35874.28572,111616,5753160,0.321408093104931,0.00623557935465031
11,"BROOKLYN","EAST NEW YORK AND NEW LOTS",80607.14286,183123,15868970,0.440180331580413,0.00507954472533504
12,"BROOKLYN","EAST NEW YORK AND NEW LOTS",119350,186052,15868970,0.641487326123879,0.00752096701928355
13,"BROOKLYN","EAST NEW YORK AND NEW LOTS",134250,185598,15868970,0.723337535964827,0.00845990634552841
14,"BROOKLYN","EAST NEW YORK AND NEW LOTS",87289.47368,185727,15868970,0.469988066786197,0.00550063889968914
15,"BROOKLYN","EAST NEW YORK AND NEW LOTS",102857.1429,188504,15868970,0.545649656771209,0.00648165211100657
16,"BROOKLYN","EAST NEW YORK AND NEW LOTS",102608.6957,188966,15868970,0.543000834541664,0.00646599594680688
17,"BROOKLYN","EAST NEW YORK AND NEW LOTS",93276.92308,191725,15868970,0.486514137853697,0.00587794438328385
18,"BROOKLYN","EAST NEW YORK AND NEW LOTS",119542.1053,190632,15868970,0.627083098850141,0.00753307273881039
19,"BROOKLYN","EAST NEW YORK AND NEW LOTS",133162.5,192396,15868970,0.692127175201148,0.00839137637792497
20,"BROOKLYN","EAST NEW YORK AND NEW LOTS",138272,193493,15868970,0.714609830846594,0.00871335694755236
11,"BROOKLYN","FLATBUSH",124516.6667,303254,15436210,0.410601893792003,0.00806653101376568
12,"BROOKLYN","FLATBUSH",90893.20113,303707,15436210,0.299279243250896,0.00588831074013634
13,"BROOKLYN","FLATBUSH",70891.09557,302381,15436210,0.234442956303471,0.00459251950899865
14,"BROOKLYN","FLATBUSH",61121.27561,301965,15436210,0.202411788154256,0.00395960378940167
15,"BROOKLYN","FLATBUSH",87435,302525,15436210,0.28901743657549,0.00566427899076263
16,"BROOKLYN","FLATBUSH",113847.6067,306465,15436210,0.371486488506028,0.00737536005923734
17,"BROOKLYN","FLATBUSH",91091.65923,307059,15436210,0.296658489834201,0.00590116739989933
18,"BROOKLYN","FLATBUSH",95073.98918,301650,15436210,0.315179808320902,0.00615915365105813
19,"BROOKLYN","FLATBUSH",92924.86491,297167,15436210,0.312702503676384,0.00601992748932542
20,"BROOKLYN","FLATBUSH",90917.20774,292416,15436210,0.310917349734625,0.00588986595414289
11,"MANHATTAN","GRAMERCY PARK AND MURRAY HILL",18163.25967,127158,4349502,0.142840086113339,0.00417594006624207
12,"MANHATTAN","GRAMERCY PARK AND MURRAY HILL",17461.61473,127474,4349502,0.136981774557949,0.00401462391096728
13,"MANHATTAN","GRAMERCY PARK AND MURRAY HILL",17750.41958,127613,4349502,0.139095700124595,0.00408102343210786
14,"MANHATTAN","GRAMERCY PARK AND MURRAY HILL",25349.04459,126797,4349502,0.19991833079647,0.00582803378179847
15,"MANHATTAN","GRAMERCY PARK AND MURRAY HILL",24838.10056,129167,4349502,0.192294475833611,0.0057105619355963
16,"MANHATTAN","GRAMERCY PARK AND MURRAY HILL",21594.38085,130093,4349502,0.165991873890217,0.00496479386605639
17,"MANHATTAN","GRAMERCY PARK AND MURRAY HILL",22413.02409,131762,4349502,0.170102336713165,0.00515300926174997
18,"MANHATTAN","GRAMERCY PARK AND MURRAY HILL",22847.80374,131713,4349502,0.173466580671612,0.00525297005036439
19,"MANHATTAN","GRAMERCY PARK AND MURRAY HILL",22995.33582,135768,4349502,0.169372280802546,0.00528688935422952
20,"MANHATTAN","GRAMERCY PARK AND MURRAY HILL",25857.68936,135314,4349502,0.191093969286253,0.00594497700196482
11,"BROOKLYN","GREENPOINT",72336.36364,124004,9900400,0.583338953904713,0.0073064081895681
12,"BROOKLYN","GREENPOINT",49140,124228,9900400,0.395562997069904,0.00496343582077492
13,"BROOKLYN","GREENPOINT",49680,127457,9900400,0.389778513537899,0.00501797907155266
14,"BROOKLYN","GREENPOINT",65695.45455,129261,9900400,0.508238792443196,0.00663563639347905
15,"BROOKLYN","GREENPOINT",58040.625,132935,9900400,0.436609057057961,0.00586245252717062
16,"BROOKLYN","GREENPOINT",47092,135659,9900400,0.347135096086511,0.00475657549189932
17,"BROOKLYN","GREENPOINT",63743.47826,138405,9900400,0.460557626241827,0.00643847503737223
18,"BROOKLYN","GREENPOINT",92605.55555,139116,9900400,0.665671493933121,0.00935371859217809
19,"BROOKLYN","GREENPOINT",77466.66667,139995,9900400,0.553353095967713,0.00782459967981092
20,"BROOKLYN","GREENPOINT",75828,141271,9900400,0.536755597397909,0.00765908448143509
11,"MANHATTAN","GREENWICH VILLAGE AND SOHO",26807.69231,81969,3642691,0.327046716563579,0.00735931000186401
12,"MANHATTAN","GREENWICH VILLAGE AND SOHO",28946.15385,81686,3642691,0.354358811179394,0.00794636543423529
13,"MANHATTAN","GREENWICH VILLAGE AND SOHO",50412.5,82807,3642691,0.608795150168464,0.0138393566734044
14,"MANHATTAN","GREENWICH VILLAGE AND SOHO",31900,83618,3642691,0.381496806907604,0.00875726214493626
15,"MANHATTAN","GREENWICH VILLAGE AND SOHO",67000,82305,3642691,0.814045319239414,0.0183929957276091
16,"MANHATTAN","GREENWICH VILLAGE AND SOHO",37590.21852,88192,3642691,0.42623161420537,0.0103193541587799
17,"MANHATTAN","GREENWICH VILLAGE AND SOHO",35487.28813,85940,3642691,0.41293097661159,0.00974205282029137
18,"MANHATTAN","GREENWICH VILLAGE AND SOHO",27199.76636,82858,3642691,0.328269646382968,0.00746694308136485
19,"MANHATTAN","GREENWICH VILLAGE AND SOHO",45225,82461,3642691,0.548441081238404,0.0124152721161361
20,"MANHATTAN","GREENWICH VILLAGE AND SOHO",38786.53404,80762,3642691,0.4802572254278,0.0106477694759177
11,"BRONX","HIGH BRIDGE AND MORRISANIA",37479.66101,204821,7816430,0.182987393919569,0.00479498454025687
12,"BRONX","HIGH BRIDGE AND MORRISANIA",52755.31915,208247,7816430,0.253330512084208,0.00674928569052624
13,"BRONX","HIGH BRIDGE AND MORRISANIA",49655.55555,209723,7816430,0.23676733381651,0.00635271544042485
14,"BRONX","HIGH BRIDGE AND MORRISANIA",45610.16949,214807,7816430,0.212330927250974,0.00583516637262791
15,"BRONX","HIGH BRIDGE AND MORRISANIA",46050.84746,215615,7816430,0.21357905275607,0.00589154479218774
16,"BRONX","HIGH BRIDGE AND MORRISANIA",39516.12903,216289,7816430,0.182700595175899,0.0050555213863618
17,"BRONX","HIGH BRIDGE AND MORRISANIA",36338.51351,220890,7816430,0.164509545520395,0.00464899110079665
18,"BRONX","HIGH BRIDGE AND MORRISANIA",43627.11865,218094,7816430,0.200038142498189,0.00558146348780709
19,"BRONX","HIGH BRIDGE AND MORRISANIA",39543.26923,216305,7816430,0.182812552784263,0.00505899358530685
20,"BRONX","HIGH BRIDGE AND MORRISANIA",42750,214281,7816430,0.19950438909656,0.00546924874910925
11,"BRONX","HUNTS POINT AND MOTT HAVEN",40411.53846,133949,10631050,0.30169346885755,0.00380127442350473
12,"BRONX","HUNTS POINT AND MOTT HAVEN",34903.70371,135687,10631050,0.257236903387944,0.00328318498266869
13,"BRONX","HUNTS POINT AND MOTT HAVEN",37252.17392,137161,10631050,0.27159450514359,0.00350409168614577
14,"BRONX","HUNTS POINT AND MOTT HAVEN",38911.29032,139194,10631050,0.279547181056655,0.00366015495364992
15,"BRONX","HUNTS POINT AND MOTT HAVEN",38866.66667,141085,10631050,0.275484046284155,0.00365595747080486
16,"BRONX","HUNTS POINT AND MOTT HAVEN",49984.61538,142482,10631050,0.350813544026614,0.00470175715286825
17,"BRONX","HUNTS POINT AND MOTT HAVEN",46375.51021,142715,10631050,0.324951898609116,0.00436226997427347
18,"BRONX","HUNTS POINT AND MOTT HAVEN",45643.13725,140964,10631050,0.323792863780823,0.00429337998128125
19,"BRONX","HUNTS POINT AND MOTT HAVEN",50724.32432,140122,10631050,0.362001144145816,0.00477133719811307
20,"BRONX","HUNTS POINT AND MOTT HAVEN",46297.67442,138077,10631050,0.335303304822671,0.0043549484218398
11,"MANHATTAN","INWOOD AND WASHINGTON HEIGHTS",51864.03509,264239,8847482,0.196276988218999,0.00586201080601238
12,"MANHATTAN","INWOOD AND WASHINGTON HEIGHTS",55250,263281,8847482,0.209851831313312,0.0062447145978935
13,"MANHATTAN","INWOOD AND WASHINGTON HEIGHTS",48374.63768,263511,8847482,0.183577299163982,0.00546761639978471
14,"MANHATTAN","INWOOD AND WASHINGTON HEIGHTS",55770.96774,266451,8847482,0.209310408818132,0.00630359776261766
15,"MANHATTAN","INWOOD AND WASHINGTON HEIGHTS",52216.21621,269556,8847482,0.193711941897046,0.00590181660838643
16,"MANHATTAN","INWOOD AND WASHINGTON HEIGHTS",52772.72728,272339,8847482,0.193775872276831,0.00596471711160305
17,"MANHATTAN","INWOOD AND WASHINGTON HEIGHTS",52602.73973,276566,8847482,0.190199589718187,0.00594550401232803
18,"MANHATTAN","INWOOD AND WASHINGTON HEIGHTS",58900,271606,8847482,0.216858243190504,0.00665726135413443
19,"MANHATTAN","INWOOD AND WASHINGTON HEIGHTS",56274.50981,268348,8847482,0.209707207842056,0.00636051136470241
20,"MANHATTAN","INWOOD AND WASHINGTON HEIGHTS",59733.33334,265585,8847482,0.224912300544082,0.00675145011202057
11,"QUEENS","JAMAICA",115172.7273,285295,31856030,0.403696970854729,0.00361541370032612
12,"QUEENS","JAMAICA",116577.5,289098,31856030,0.403245612214543,0.00365951124480985
13,"QUEENS","JAMAICA",123088.2353,297296,31856030,0.414025870849255,0.00386389124131287
14,"QUEENS","JAMAICA",132646.6667,308452,31856030,0.430039898266181,0.00416394217044622
15,"QUEENS","JAMAICA",89178.57142,308098,31856030,0.289448718979026,0.00279942514556899
16,"QUEENS","JAMAICA",125290,313056,31856030,0.400215935807012,0.00393300734586199
17,"QUEENS","JAMAICA",159489.4737,319201,31856030,0.499652174335293,0.00500657092864365
18,"QUEENS","JAMAICA",129493.1818,312564,31856030,0.414293334485097,0.00406495039714616
19,"QUEENS","JAMAICA",129431.5789,312357,31856030,0.414370668497905,0.00406301660627517
20,"QUEENS","JAMAICA",94819.56522,309667,31856030,0.306198481659331,0.00297650288563892
11,"BRONX","KINGSBRIDGE AND RIVERDALE",11243.92265,90567,10432580,0.124150326829861,0.00107777008659411
12,"BRONX","KINGSBRIDGE AND RIVERDALE",15670.67988,91163,10432580,0.171897369327468,0.00150209055478127
13,"BRONX","KINGSBRIDGE AND RIVERDALE",14286.92308,92450,10432580,0.154536755868037,0.0013694525304383
14,"BRONX","KINGSBRIDGE AND RIVERDALE",20279.23567,93173,10432580,0.217651419080635,0.00194383706331511
15,"BRONX","KINGSBRIDGE AND RIVERDALE",20831.95531,93708,10432580,0.222307116895036,0.00199681721204151
16,"BRONX","KINGSBRIDGE AND RIVERDALE",25593.34027,93258,10432580,0.274435868987111,0.00245321294157342
17,"BRONX","KINGSBRIDGE AND RIVERDALE",22786.57449,94903,10432580,0.240103837497234,0.00218417443144457
18,"BRONX","KINGSBRIDGE AND RIVERDALE",23935.79439,93256,10432580,0.256667607338938,0.0022943312574646
19,"BRONX","KINGSBRIDGE AND RIVERDALE",24667.72388,93554,10432580,0.263673641747012,0.00236448930945174
20,"BRONX","KINGSBRIDGE AND RIVERDALE",23641.31599,92813,10432580,0.254719877495609,0.00226610445258987
11,"MANHATTAN","LOWER EAST SIDE",50952.94117,198860,5367650,0.25622518942975,0.00949259753709724
12,"MANHATTAN","LOWER EAST SIDE",52511.76471,199334,5367650,0.26343606564861,0.00978300833884475
13,"MANHATTAN","LOWER EAST SIDE",51100.00001,202311,5367650,0.252581421722002,0.00951999478542752
14,"MANHATTAN","LOWER EAST SIDE",54347.61905,198768,5367650,0.273422377092892,0.0101250303298464
15,"MANHATTAN","LOWER EAST SIDE",50124.13793,198713,5367650,0.252243879011439,0.00933819044274496
16,"MANHATTAN","LOWER EAST SIDE",45859.25926,194662,5367650,0.235584034172052,0.00854363813959554
17,"MANHATTAN","LOWER EAST SIDE",48851.92307,193101,5367650,0.252986380546968,0.00910117520143825
18,"MANHATTAN","LOWER EAST SIDE",39013.33333,187600,5367650,0.207960198987207,0.00726823345970769
19,"MANHATTAN","LOWER EAST SIDE",42788.46154,186749,5367650,0.229122841568094,0.00797154463126322
20,"MANHATTAN","LOWER EAST SIDE",77736.84211,187301,5367650,0.415036983838848,0.0144824722383166
11,"MANHATTAN","LOWER MANHATTAN",9514.088398,43424,3430705,0.219097466792557,0.00277321669977454
12,"MANHATTAN","LOWER MANHATTAN",12536.54391,45040,3430705,0.278342449156306,0.00365421798435016
13,"MANHATTAN","LOWER MANHATTAN",12122.23776,47428,3430705,0.255592429788311,0.00353345384112012
14,"MANHATTAN","LOWER MANHATTAN",10139.61783,50106,3430705,0.202363346305832,0.00295554932003772
15,"MANHATTAN","LOWER MANHATTAN",10816.59218,52354,3430705,0.206604885586584,0.00315287737651591
16,"MANHATTAN","LOWER MANHATTAN",14796.14984,53916,3430705,0.274429665405445,0.0043128598465913
17,"MANHATTAN","LOWER MANHATTAN",7844.55843,54562,3430705,0.143773293317694,0.00228657329324439
18,"MANHATTAN","LOWER MANHATTAN",11967.8972,54520,3430705,0.219513888481291,0.00348846584011158
19,"MANHATTAN","LOWER MANHATTAN",15469.58955,55343,3430705,0.27952206331424,0.00450915760754714
20,"MANHATTAN","LOWER MANHATTAN",12559.44912,56377,3430705,0.22277611650141,0.00366089451585024
11,"STATEN ISLAND","MID ISLAND",20758.01105,87662,35520700,0.23679600111793,0.000584391947512296
12,"STATEN ISLAND","MID ISLAND",25073.08782,87921,35520700,0.285177464087078,0.000705872570641907
13,"STATEN ISLAND","MID ISLAND",21646.85315,87276,35520700,0.248027557976993,0.00060941516214489
14,"STATEN ISLAND","MID ISLAND",23659.10828,87524,35520700,0.270315665188977,0.000666065372585563
15,"STATEN ISLAND","MID ISLAND",18428.26816,87600,35520700,0.210368357990868,0.000518803631685186
16,"STATEN ISLAND","MID ISLAND",12396.77419,88780,35520700,0.139634762221221,0.000349001404533131
17,"STATEN ISLAND","MID ISLAND",22413.02409,89960,35520700,0.24914433181414,0.000630984864881604
18,"STATEN ISLAND","MID ISLAND",19583.83178,90761,35520700,0.215773644847457,0.000551335750140059
19,"STATEN ISLAND","MID ISLAND",22159.14179,89792,35520700,0.246783029557199,0.000623837418463037
20,"STATEN ISLAND","MID ISLAND",19577.9648,89938,35520700,0.217682901554404,0.000551170579408627
11,"QUEENS","NORTH QUEENS",20325.55249,257413,30809688,0.0789608624661536,0.000659713025656086
12,"QUEENS","NORTH QUEENS",22834.41926,262964,30809688,0.0868347730487823,0.000741144125185558
13,"QUEENS","NORTH QUEENS",18616.29371,261570,30809688,0.0711713641090339,0.000604235061062611
14,"QUEENS","NORTH QUEENS",20279.23567,262170,30809688,0.0773514729755502,0.000658209705661414
15,"QUEENS","NORTH QUEENS",18428.26816,261157,30809688,0.0705639449067036,0.00059813225502316
16,"QUEENS","NORTH QUEENS",23193.96462,261257,30809688,0.0887783470682125,0.000752814005127218
17,"QUEENS","NORTH QUEENS",25401.4273,262378,30809688,0.096812336781285,0.00082446233470459
18,"QUEENS","NORTH QUEENS",25749.11215,256128,30809688,0.10053220323432,0.00083574725424029
19,"QUEENS","NORTH QUEENS",32611.56717,253041,30809688,0.128878589517114,0.00105848417452329
20,"QUEENS","NORTH QUEENS",35831.36955,253562,30809688,0.141312063913362,0.00116299034089537
11,"BRONX","NORTHEAST BRONX",50491.66667,200571,19794800,0.251739616744195,0.00255075407026088
12,"BRONX","NORTHEAST BRONX",69866.66666,200483,19794800,0.348491725782236,0.00352954647988361
13,"BRONX","NORTHEAST BRONX",70218.75,200533,19794800,0.350160572075419,0.00354733313799584
14,"BRONX","NORTHEAST BRONX",44134.61538,201360,19794800,0.219182634982122,0.00222960653201851
15,"BRONX","NORTHEAST BRONX",52031.25,202651,19794800,0.256752989129094,0.00262853123042415
16,"BRONX","NORTHEAST BRONX",50386.88866,202632,19794800,0.248662050712622,0.00254546086143836
17,"BRONX","NORTHEAST BRONX",58240,205410,19794800,0.283530499975658,0.00294218683694708
18,"BRONX","NORTHEAST BRONX",51178.94737,204989,19794800,0.249666798559923,0.00258547433517894
19,"BRONX","NORTHEAST BRONX",47663.05971,205957,19794800,0.231422382876037,0.0024078576045224
20,"BRONX","NORTHEAST BRONX",49129.60979,206360,19794800,0.238077194175228,0.00248194524774183
11,"QUEENS","NORTHEAST QUEENS",8216.712709,88842,19709110,0.0924868047657639,0.000416899226246137
12,"QUEENS","NORTHEAST QUEENS",5820.538243,89965,19709110,0.0646978074028789,0.000295322226269984
13,"QUEENS","NORTHEAST QUEENS",3896.433567,90567,19709110,0.0430226635198251,0.000197697083582161
14,"QUEENS","NORTHEAST QUEENS",6759.745223,90776,19709110,0.0744662159932141,0.000342975670793861
15,"QUEENS","NORTHEAST QUEENS",5608.603352,90957,19709110,0.0616621409237332,0.000284569082622199
16,"QUEENS","NORTHEAST QUEENS",7598.022893,90165,19709110,0.0842679852825376,0.00038550816820242
17,"QUEENS","NORTHEAST QUEENS",8965.209635,90823,19709110,0.0987107850984883,0.000454876432015449
18,"QUEENS","NORTHEAST QUEENS",15231.86916,89725,19709110,0.169761706993592,0.000772833941258636
19,"QUEENS","NORTHEAST QUEENS",4599.067164,88855,19709110,0.0517592388047943,0.00023334727768022
20,"QUEENS","NORTHEAST QUEENS",4802.142311,89925,19709110,0.0534016381540172,0.000243650896006973
11,"BROOKLYN","NORTHWEST BROOKLYN",138547.619,229931,17408830,0.60256172069012,0.00795846814518839
12,"BROOKLYN","NORTHWEST BROOKLYN",143055,232353,17408830,0.615679590967192,0.00821738163908775
13,"BROOKLYN","NORTHWEST BROOKLYN",174958.3333,239485,17408830,0.730560716955133,0.010049976552129
14,"BROOKLYN","NORTHWEST BROOKLYN",182688.4616,243136,17408830,0.751383841142406,0.0104940114642971
15,"BROOKLYN","NORTHWEST BROOKLYN",129918,246166,17408830,0.527765816562807,0.00746276458555802
16,"BROOKLYN","NORTHWEST BROOKLYN",149407.3529,249816,17408830,0.598069590818843,0.00858227421946219
17,"BROOKLYN","NORTHWEST BROOKLYN",138541.3043,255437,17408830,0.542369759666767,0.00795810541547019
18,"BROOKLYN","NORTHWEST BROOKLYN",177333.3333,258295,17408830,0.686553488453125,0.0101864015732246
19,"BROOKLYN","NORTHWEST BROOKLYN",151985.5769,259781,17408830,0.585052705548135,0.00873037285676292
20,"BROOKLYN","NORTHWEST BROOKLYN",174533.3333,262916,17408830,0.663836865386663,0.0100255636536172
11,"QUEENS","NORTHWEST QUEENS",56471.42856,194376,18614290,0.290526755154957,0.0030337675280658
12,"QUEENS","NORTHWEST QUEENS",42534.70255,195588,18614290,0.217470921273289,0.00228505640290336
13,"QUEENS","NORTHWEST QUEENS",47480.62937,196599,18614290,0.2415100248221,0.00255076231056892
14,"QUEENS","NORTHWEST QUEENS",59269.96815,200605,18614290,0.295456086089579,0.00318411113988232
15,"QUEENS","NORTHWEST QUEENS",60143.53674,203106,18614290,0.296118956308529,0.00323104113774955
16,"QUEENS","NORTHWEST QUEENS",67407.38013,201924,18614290,0.333825499346289,0.00362127054698299
17,"QUEENS","NORTHWEST QUEENS",53479.47473,203739,18614290,0.26249012084088,0.00287303328410592
18,"QUEENS","NORTHWEST QUEENS",54287.99066,198847,18614290,0.273013878308448,0.00291646851209474
19,"QUEENS","NORTHWEST QUEENS",111162.6244,196895,18614290,0.564578198532213,0.00597189709626314
20,"QUEENS","NORTHWEST QUEENS",102738.6215,195898,18614290,0.524449568142605,0.00551934140383544
11,"STATEN ISLAND","PORT RICHMOND",24217.67956,67875,15869040,0.356798225561694,0.00152609606882332
12,"STATEN ISLAND","PORT RICHMOND",24625.35411,66477,15869040,0.370434196940295,0.00155178600028735
13,"STATEN ISLAND","PORT RICHMOND",22945.66434,66575,15869040,0.344658871047691,0.00144593903222879
14,"STATEN ISLAND","PORT RICHMOND",28306.43312,67110,15869040,0.421791582774549,0.00178375208078119
15,"STATEN ISLAND","PORT RICHMOND",27241.78771,66613,15869040,0.408956025250327,0.0017166626153819
16,"STATEN ISLAND","PORT RICHMOND",31191.88345,66371,15869040,0.469962535595365,0.0019655809960779
17,"STATEN ISLAND","PORT RICHMOND",31004.68332,68051,15869040,0.455609518155501,0.0019537844330848
18,"STATEN ISLAND","PORT RICHMOND",35178.36449,67413,15869040,0.521833540860071,0.00221679222498651
19,"STATEN ISLAND","PORT RICHMOND",42645.89552,69238,15869040,0.615931937953147,0.00268736454883219
20,"STATEN ISLAND","PORT RICHMOND",34723.18287,69274,15869040,0.501244086814678,0.00218810859825169
11,"QUEENS","ROCKAWAYS",13406.21547,113026,21794750,0.118611783748872,0.000615112147191411
12,"QUEENS","ROCKAWAYS",20595.75071,115352,21794750,0.178546975431722,0.000944986783973205
13,"QUEENS","ROCKAWAYS",9957.552448,116048,21794750,0.0858054636702054,0.000456878488993909
14,"QUEENS","ROCKAWAYS",16054.3949,117470,21794750,0.13666804205329,0.0007366175294509
15,"QUEENS","ROCKAWAYS",10816.59218,118917,21794750,0.0909591747185011,0.000496293473428234
16,"QUEENS","ROCKAWAYS",8797.710718,121237,21794750,0.0725662192070078,0.000403661923995458
17,"QUEENS","ROCKAWAYS",13447.81445,123012,21794750,0.10932115931779,0.000617020816939859
18,"QUEENS","ROCKAWAYS",11967.8972,125898,21794750,0.095060264658692,0.000549118351896672
19,"QUEENS","ROCKAWAYS",13379.10448,128437,21794750,0.104168615585851,0.000613868224228312
20,"QUEENS","ROCKAWAYS",11820.658,128662,21794750,0.0918737311715969,0.00054236263320295
11,"STATEN ISLAND","SOUTH SHORE",96800,190111,66837940,0.50917621810416,0.00144827922584089
12,"STATEN ISLAND","SOUTH SHORE",62560,191971,66837940,0.325882555177605,0.000935995334386428
13,"STATEN ISLAND","SOUTH SHORE",75716.66667,192397,66837940,0.393543904894567,0.00113283962177769
14,"STATEN ISLAND","SOUTH SHORE",73125.00001,194186,66837940,0.376571946535796,0.00109406423971176
15,"STATEN ISLAND","SOUTH SHORE",84211.11111,195020,66837940,0.431807563890883,0.00125992978104951
16,"STATEN ISLAND","SOUTH SHORE",174460,195026,66837940,0.894547393680843,0.0026101941502087
17,"STATEN ISLAND","SOUTH SHORE",45946.69937,194291,66837940,0.236483930650416,0.000687434402825701
18,"STATEN ISLAND","SOUTH SHORE",67523.07693,193832,66837940,0.348358769088695,0.00101025071882826
19,"STATEN ISLAND","SOUTH SHORE",57279.29105,193745,66837940,0.295642680069163,0.00085698767870464
20,"STATEN ISLAND","SOUTH SHORE",46913.23642,193282,66837940,0.242719117248373,0.000701895307066615
11,"BRONX","SOUTHEAST BRONX",99900,297602,36368140,0.335683227935296,0.00274690979522186
12,"BRONX","SOUTHEAST BRONX",76970.83333,301497,36368140,0.255295519789583,0.00211643579600167
13,"BRONX","SOUTHEAST BRONX",81120,305767,36368140,0.265300048729915,0.00223052374963361
14,"BRONX","SOUTHEAST BRONX",66344.82759,309048,36368140,0.214674832356139,0.00182425682451728
15,"BRONX","SOUTHEAST BRONX",71882.6087,308892,36368140,0.232711137549694,0.00197652694638769
16,"BRONX","SOUTHEAST BRONX",59925,308143,36368140,0.194471398019751,0.00164773342821492
17,"BRONX","SOUTHEAST BRONX",75406.25,310450,36368140,0.242893380576582,0.00207341508254203
18,"BRONX","SOUTHEAST BRONX",69666.66666,304148,36368140,0.229055152951852,0.00191559608657468
19,"BRONX","SOUTHEAST BRONX",74625,301133,36368140,0.247814088791331,0.00205193336805237
20,"BRONX","SOUTHEAST BRONX",84032.92684,303526,36368140,0.276855777890527,0.00231061931789748
11,"QUEENS","SOUTHEAST QUEENS",28974.72376,200415,34493800,0.144573628520819,0.00083999802167346
12,"QUEENS","SOUTHEAST QUEENS",31341.35977,199708,34493800,0.156935925300939,0.000908608496889296
13,"QUEENS","SOUTHEAST QUEENS",31171.46853,202012,34493800,0.154305034007881,0.000903683228000394
14,"QUEENS","SOUTHEAST QUEENS",27883.94905,200398,34493800,0.139142850976557,0.000808375680557086
15,"QUEENS","SOUTHEAST QUEENS",29244.86034,200254,34493800,0.146038832382874,0.000847829474862149
16,"QUEENS","SOUTHEAST QUEENS",25593.34027,201204,34493800,0.12720095162124,0.000741969289263578
17,"QUEENS","SOUTHEAST QUEENS",26148.5281,205778,34493800,0.127071543605244,0.000758064582620645
18,"QUEENS","SOUTHEAST QUEENS",26474.43925,203437,34493800,0.130135812315361,0.000767512980593614
19,"QUEENS","SOUTHEAST QUEENS",34283.95522,203361,34493800,0.16858667699313,0.000993916449332924
20,"QUEENS","SOUTHEAST QUEENS",24749.50268,205571,34493800,0.120393940195845,0.000717505832352481
11,"BROOKLYN","SOUTHERN BROOKLYN",82971.42857,266450,20799030,0.311395866278852,0.0039891970236112
12,"BROOKLYN","SOUTHERN BROOKLYN",42534.70255,270462,20799030,0.157266834342717,0.00204503299192318
13,"BROOKLYN","SOUTHERN BROOKLYN",96800,272801,20799030,0.35483740895378,0.0046540631942932
14,"BROOKLYN","SOUTHERN BROOKLYN",39291.0191,276322,20799030,0.142192873169708,0.00188907939937584
15,"BROOKLYN","SOUTHERN BROOKLYN",49068.18182,280786,20799030,0.17475295000463,0.00235915722127426
16,"BROOKLYN","SOUTHERN BROOKLYN",38390.01041,284325,20799030,0.135021578862218,0.00184575965369539
17,"BROOKLYN","SOUTHERN BROOKLYN",73981.25,292097,20799030,0.253276308897387,0.00355695674269425
18,"BROOKLYN","SOUTHERN BROOKLYN",68333.33334,290239,20799030,0.23543815042086,0.00328540962439114
19,"BROOKLYN","SOUTHERN BROOKLYN",69200,289077,20799030,0.239382586646464,0.00332707823393687
20,"BROOKLYN","SOUTHERN BROOKLYN",59242.10527,284917,20799030,0.207927590385972,0.00284831096786725
11,"BROOKLYN","SOUTHWEST BROOKLYN",23785.22099,192615,15065760,0.123485818809542,0.00157876011498922
12,"BROOKLYN","SOUTHWEST BROOKLYN",24177.6204,197258,15065760,0.122568516359286,0.00160480589097397
13,"BROOKLYN","SOUTHWEST BROOKLYN",25976.22378,199708,15065760,0.130071022592986,0.00172418940564565
14,"BROOKLYN","SOUTHWEST BROOKLYN",16476.87898,206938,15065760,0.0796222974030869,0.00109366397579677
15,"BROOKLYN","SOUTHWEST BROOKLYN",17226.42458,209288,15065760,0.0823096621879898,0.00114341557146802
16,"BROOKLYN","SOUTHWEST BROOKLYN",19594.90115,205714,15065760,0.0952531239973945,0.00130062480419176
17,"BROOKLYN","SOUTHWEST BROOKLYN",15315.56646,206909,15065760,0.0740207843061442,0.00101658107257782
18,"BROOKLYN","SOUTHWEST BROOKLYN",18858.50467,205749,15065760,0.0916578193332653,0.00125174599024543
19,"BROOKLYN","SOUTHWEST BROOKLYN",29684.88806,204774,15065760,0.144964146131833,0.00197035450319134
20,"BROOKLYN","SOUTHWEST BROOKLYN",31398.6228,202618,15065760,0.154964627032149,0.00208410480453691
11,"QUEENS","SOUTHWEST QUEENS",88111.11111,273298,27922540,0.322399399593118,0.00315555501433609
12,"QUEENS","SOUTHWEST QUEENS",100792.8571,278573,27922540,0.361818471639391,0.00360973095928952
13,"QUEENS","SOUTHWEST QUEENS",156510,281251,27922540,0.556478021411479,0.0056051491017651
14,"QUEENS","SOUTHWEST QUEENS",110500,283319,27922540,0.390019730409891,0.00395737637048778
15,"QUEENS","SOUTHWEST QUEENS",59176.92307,289601,27922540,0.204339498378804,0.00211932449805784
16,"QUEENS","SOUTHWEST QUEENS",75378.57143,292559,27922540,0.257652546768344,0.00269955997663536
17,"QUEENS","SOUTHWEST QUEENS",112612.5,293717,27922540,0.38340477398312,0.0040330320952177
18,"QUEENS","SOUTHWEST QUEENS",90257.14286,285269,27922540,0.316393098654253,0.00323241162372764
19,"QUEENS","SOUTHWEST QUEENS",130835,280764,27922540,0.465996352808765,0.00468564106273999
20,"QUEENS","SOUTHWEST QUEENS",95558.82354,275920,27922540,0.346328006451145,0.00342228262686704
11,"STATEN ISLAND","STAPLETON AND ST. GEORGE",41516.0221,120386,30524460,0.344857559018491,0.00136009030462783
12,"STATEN ISLAND","STAPLETON AND ST. GEORGE",31789.09349,122005,30524460,0.260555661571247,0.0010414301674788
13,"STATEN ISLAND","STAPLETON AND ST. GEORGE",35933.77622,123975,30524460,0.289846954789272,0.00117721251153993
14,"STATEN ISLAND","STAPLETON AND ST. GEORGE",59375,122702,30524460,0.483895943016414,0.00194516135584381
15,"STATEN ISLAND","STAPLETON AND ST. GEORGE",42064.52514,123248,30524460,0.34129985995716,0.00137805960007155
16,"STATEN ISLAND","STAPLETON AND ST. GEORGE",25593.34027,123106,30524460,0.207896774080873,0.000838453498276464
17,"STATEN ISLAND","STAPLETON AND ST. GEORGE",35487.28813,123646,30524460,0.287007166669363,0.00116258528832287
18,"STATEN ISLAND","STAPLETON AND ST. GEORGE",39892.99066,122095,30524460,0.326737300135141,0.00130691880085676
19,"STATEN ISLAND","STAPLETON AND ST. GEORGE",38464.92537,122118,30524460,0.314981619171621,0.0012601345075392
20,"STATEN ISLAND","STAPLETON AND ST. GEORGE",44327.46748,123102,30524460,0.360087305486507,0.00145219497674979
11,"BROOKLYN","SUNSET PARK",13838.67403,127465,9835600,0.10856842293963,0.00140699845764366
12,"BROOKLYN","SUNSET PARK",19700.28329,129179,9835600,0.152503760595762,0.00200295694111188
13,"BROOKLYN","SUNSET PARK",16451.60839,131913,9835600,0.124715595809359,0.00167265935885965
14,"BROOKLYN","SUNSET PARK",8872.165605,131167,9835600,0.0676402266195003,0.000902046200028468
15,"BROOKLYN","SUNSET PARK",10415.97765,131541,9835600,0.0791842668825689,0.00105900785412176
16,"BROOKLYN","SUNSET PARK",13596.46202,130755,9835600,0.103984260793086,0.00138237240432714
17,"BROOKLYN","SUNSET PARK",12327.16325,129404,9835600,0.0952610680504467,0.00125332092094026
18,"BROOKLYN","SUNSET PARK",15957.19626,123245,9835600,0.129475404762871,0.00162239174630933
19,"BROOKLYN","SUNSET PARK",29684.88806,119600,9835600,0.248201405183947,0.00301810647647322
20,"BROOKLYN","SUNSET PARK",47600,117158,9835600,0.406288943136619,0.00483956240595388
11,"MANHATTAN","UPPER EAST SIDE",54825,215358,5139754,0.254576101189647,0.0106668529272024
12,"MANHATTAN","UPPER EAST SIDE",59733.33334,217154,5139754,0.27507360370981,0.0116218272975711
13,"MANHATTAN","UPPER EAST SIDE",88400,215270,5139754,0.410647094346634,0.017199266735334
14,"MANHATTAN","UPPER EAST SIDE",59957.69231,218946,5139754,0.273846940843861,0.0116654789917961
15,"MANHATTAN","UPPER EAST SIDE",90112.5,220159,5139754,0.409306455788771,0.0175324538878709
16,"MANHATTAN","UPPER EAST SIDE",58000,221557,5139754,0.261783649354342,0.0112845867720517
17,"MANHATTAN","UPPER EAST SIDE",73062.5,222145,5139754,0.328895541200567,0.0142151745005695
18,"MANHATTAN","UPPER EAST SIDE",73214.28571,214611,5139754,0.341148802764071,0.014244706207729
19,"MANHATTAN","UPPER EAST SIDE",37788.46153,213906,5139754,0.176659193898254,0.00735219263995903
20,"MANHATTAN","UPPER EAST SIDE",58190,213908,5139754,0.272032836546553,0.0113215535218223
11,"MANHATTAN","UPPER WEST SIDE",57580.64516,215604,5438960,0.26706668317842,0.0105867013473164
12,"MANHATTAN","UPPER WEST SIDE",40697.73371,215887,5438960,0.188514054621168,0.00748263155272332
13,"MANHATTAN","UPPER WEST SIDE",47353.66877,217869,5438960,0.217349273049401,0.00870638297946666
14,"MANHATTAN","UPPER WEST SIDE",49802.97188,217384,5438960,0.22910136845398,0.00915670861341139
15,"MANHATTAN","UPPER WEST SIDE",48471.42856,215045,5438960,0.225401327908112,0.00891189281774457
16,"MANHATTAN","UPPER WEST SIDE",44741.78784,213540,5438960,0.209524153975836,0.00822616600232397
17,"MANHATTAN","UPPER WEST SIDE",43961.40351,214408,5438960,0.205036209050035,0.00808268557040316
18,"MANHATTAN","UPPER WEST SIDE",77805.81491,214241,5438960,0.363169584299924,0.0143052743373733
19,"MANHATTAN","UPPER WEST SIDE",64125.12826,212894,5438960,0.301206836547766,0.0117899613639372
20,"MANHATTAN","UPPER WEST SIDE",68969.95736,215104,5438960,0.320635401294258,0.0126807252415903
11,"QUEENS","WEST CENTRAL QUEENS",86515.38461,245978,22279050,0.35172000996024,0.00388326183611958
12,"QUEENS","WEST CENTRAL QUEENS",180916.6667,247417,22279050,0.731221648876189,0.00812048389406191
13,"QUEENS","WEST CENTRAL QUEENS",66955.88235,247255,22279050,0.270796879132879,0.00300532932732769
14,"QUEENS","WEST CENTRAL QUEENS",79769.23077,247301,22279050,0.322559272991213,0.00358045925521959
15,"QUEENS","WEST CENTRAL QUEENS",75200,251807,22279050,0.298641419817559,0.00337536833931429
16,"QUEENS","WEST CENTRAL QUEENS",85588.23529,253771,22279050,0.337265626450619,0.00384164653744213
17,"QUEENS","WEST CENTRAL QUEENS",117692.3077,260599,22279050,0.451622253730828,0.00528264480307733
18,"QUEENS","WEST CENTRAL QUEENS",192850,260709,22279050,0.739713627070795,0.00865611415208458
19,"QUEENS","WEST CENTRAL QUEENS",88825,262328,22279050,0.33860281784636,0.00398692942472861
20,"QUEENS","WEST CENTRAL QUEENS",104428.5714,258593,22279050,0.403833713209561,0.0046872991173322
11,"QUEENS","WEST QUEENS",157622.2222,462257,32342450,0.340983959572273,0.00487353995136423
12,"QUEENS","WEST QUEENS",154000,462159,32342450,0.333218654186113,0.00476154403887151
13,"QUEENS","WEST QUEENS",88905.26317,467030,32342450,0.190363066976426,0.00274887224591829
14,"QUEENS","WEST QUEENS",84099.99999,470226,32342450,0.178850169897028,0.00260029775078882
15,"QUEENS","WEST QUEENS",121714.2857,472896,32342450,0.257380662344363,0.00376329825662558
16,"QUEENS","WEST QUEENS",197800,470128,32342450,0.420736480277712,0.0061158013694077
17,"QUEENS","WEST QUEENS",113586.2069,471944,32342450,0.240677298365908,0.00351198523612157
18,"QUEENS","WEST QUEENS",130746,458568,32342450,0.285118019573978,0.00404255088900192
19,"QUEENS","WEST QUEENS",194464.2857,454789,32342450,0.427592324572494,0.00601266402823534
20,"QUEENS","WEST QUEENS",137759.3023,449376,32342450,0.306556875089012,0.00425939600432249
